Timestamp	Koliko ljudem ste v zadnjih 12 mesecih predlagali potovanje v Slovenijo ali priporočili znamenitosti, aktivnosti, nastanitve, restavracije itd., ko so se že odločili za potovanje v Slovenijo in vas vprašali za priporočilo?	Približno koliko ljudi je Slovenijo obiskalo zaradi vašega predloga, odkar ste prvič odšli v tujino? 	Kakšni so najpogostejši nameni obiska Slovenije tujcev, s katerimi ste se pogovarjali o njihovem potovanju v Slovenijo?	Obisk katerih regij jim najpogosteje predlagate?	Kakšni so vaši predlogi za turistično manj znane lokacije (npr. Bled, Ljubljana in Piran so že na seznamu vsakega turista)?	Lahko delite z nami razloge, zakaj promovirate lepote Slovenije z vašo mrežo v tujini?	V kateri/-h državi/-ah v tujini ste do sedaj živeli?	Koliko let že prebivate ali ste prebivali v tujini?	Ali ste član/ica društva VTIS? 	Imate še kakšen dodaten komentar, idejo?
9/19/2022 15:49:15	31+	101-200	Turistični obisk Slovenije, Turistični obisk Slovenije in sosednjih držav, Poroka v Sloveniji (njihova ali pa od njihovih kolegov)	Savinjska regija, Primorsko-notranjska regija, Obalno-kraška regija, Goriška regija, Gorenjska regija	Rakov Skocjan, pokusina vin v Vipavski dolini (npr. Sveti Martin, Gverila), rafting in canyoning na Soci, izvir Trente, pohod na Mangart, restavracije (Majerija, Mahorcic, Fritolin pri Cantini), Stanjel, Skocjanske jame (najglobji podzemni kanjon v Evropi), Terme Olimija,  	Ponosen/-na sem na Slovenijo, Prepričan/-a sem, da bo tujcem v Sloveniji všeč, Da jih poducim, kaj pomeni ziveti v skladu z naravo - jesti odlicno hrano, piti najboljsa vina in biti aktiven - za zmerno ceno) + da drzava vec zasluzi (to so ponavadi ljudje, ki jih zanima buticni turizem) in lahko ta denar vlozi v razvoj drzave in inovacij (kot je to storila Portugalska)	Velika Britanija	5-10	Redni član/-ica	Top! Kje bo dostopna analiza podatkov? Me zanima...
9/19/2022 15:52:33	1-5	1-10	Turistični obisk Slovenije in sosednjih držav	Ljubljana, Obalno-kraška regija, Goriška regija, Gorenjska regija	Goriška brda	Ponosen/-na sem na Slovenijo, Prepričan/-a sem, da bo tujcem v Sloveniji všeč, Želim pomagati slovenskemu turizmu	Francija, ZDA, Italija, Kanada	Več kot 10 let	Redni član/-ica	
9/19/2022 15:54:13	0	0	Turistični obisk Slovenije in sosednjih držav	Zasavska regija	A ne bi bilo bolje ce ne bi promovirali Slovenije? Pri prejsnjem vprasanju ne mislim nobene moznosti. Samo ni mozno iti naprej v vprasalniku..	Ne promoviram potovanj v Slovenijo	Francija, Nemčija, Grcija, Poljska, Svedska	Več kot 10 let	Redni član/-ica	Mislim, da bi bilo bolje ce ne bi promovirali Slovenije
9/19/2022 15:54:40	16-30	11-30	Turistični obisk Slovenije, K meni na obisk	Obalno-kraška regija, Gorenjska regija	Koper, Bohinj, Soča	Ponosen/-na sem na Slovenijo, Prepričan/-a sem, da bo tujcem v Sloveniji všeč	Nizozemska, Italija	1-3	Izredni član/-ica	
9/19/2022 15:56:13	6-15	11-30	Turistični obisk Slovenije, Turistični obisk Slovenije in sosednjih držav	Ljubljana, Obalno-kraška regija, Goriška regija, Gorenjska regija	dolina Soce in Triglavski Narodni park, pespoti, Vipvska dolina, Goriska brda	Ponosen/-na sem na Slovenijo, Prepričan/-a sem, da bo tujcem v Sloveniji všeč	Švica, Velika Britanija	5-10	Redni član/-ica	
9/19/2022 15:56:30	6-15	1-10	Turistični obisk Slovenije	Obalno-kraška regija, Goriška regija, Gorenjska regija	Jame na krasu, Bovec za rafting, kayaking etc.	Ponosen/-na sem na Slovenijo, Prepričan/-a sem, da bo tujcem v Sloveniji všeč, Želim pomagati slovenskemu turizmu	ZDA	Več kot 10 let	Redni član/-ica	
9/19/2022 15:57:21	1-5	1-10	Turistični obisk Slovenije, Poslovna pot	Ljubljana, Podravska regija, Pomurska regija	Jeruzalem	Ponosen/-na sem na Slovenijo, Prepričan/-a sem, da bo tujcem v Sloveniji všeč	Avstrija, Švica	1-3	Redni član/-ica	
9/19/2022 15:58:21	0	0	Turistični obisk Slovenije in sosednjih držav	Ljubljana, Obalno-kraška regija, Gorenjska regija	Bohinj, center Ljubljane, Piran	Prepričan/-a sem, da bo tujcem v Sloveniji všeč	Skandinavija	Manj kot 1	Nisem član/-ica	
9/19/2022 15:59:13	1-5	0	Turistični obisk Slovenije in sosednjih držav	Ljubljana, Obalno-kraška regija, Gorenjska regija		Ponosen/-na sem na Slovenijo, Prepričan/-a sem, da bo tujcem v Sloveniji všeč, Želim pomagati slovenskemu turizmu	Velika Britanija	1-3	Redni član/-ica	
9/19/2022 15:59:26	1-5	1-10	Turistični obisk Slovenije, Turistični obisk Slovenije in sosednjih držav	Ljubljana, Osrednjeslovenska regija (brez Ljubljane), Koroška regija, Savinjska regija, Posavska regija, Jugovzhodna Slovenija, Primorsko-notranjska regija, Obalno-kraška regija, Goriška regija, Gorenjska regija	Pohorje, Krka, Kolpa, Kozjansko, Polhograjsko hribovje, zaledje obale z notranjsko.	Ponosen/-na sem na Slovenijo, Prepričan/-a sem, da bo tujcem v Sloveniji všeč	Belgija, ZDA	5-10	Redni član/-ica	
9/19/2022 16:03:01	1-5	1-10	Turistični obisk Slovenije in sosednjih držav, Poslovna pot	Ljubljana, Jugovzhodna Slovenija, Primorsko-notranjska regija, Obalno-kraška regija, Goriška regija, Gorenjska regija	Goriška Brda, slovenske Alpe, Pohorje (Rogla)	Ponosen/-na sem na Slovenijo, Prepričan/-a sem, da bo tujcem v Sloveniji všeč	Avstrija, Nemčija, Velika Britanija	3-5	Redni član/-ica	
9/19/2022 16:03:40	6-15	1-10	Turistični obisk Slovenije, Turistični obisk Slovenije in sosednjih držav	Ljubljana, Pomurska regija, Gorenjska regija	Lendava	Prepričan/-a sem, da bo tujcem v Sloveniji všeč	Velika Britanija	3-5	Redni član/-ica	
9/19/2022 16:04:00	1-5	1-10	Turistični obisk Slovenije in sosednjih držav	Ljubljana, Obalno-kraška regija, Goriška regija, Gorenjska regija	Stanjel, Bohinj, Kras, Krnsko jezero, okolica reke Soce...	Prepričan/-a sem, da bo tujcem v Sloveniji všeč	Avstrija, Nemčija, Skandinavija	5-10	Redni član/-ica	
9/19/2022 16:05:02	16-30	1-10	Turistični obisk Slovenije in sosednjih držav	Savinjska regija, Obalno-kraška regija, Gorenjska regija	Logarska, soča	Ponosen/-na sem na Slovenijo, Prepričan/-a sem, da bo tujcem v Sloveniji všeč	ZDA	3-5	Redni član/-ica	
9/19/2022 16:05:45	31+	200+	Turistični obisk Slovenije in sosednjih držav	Primorsko-notranjska regija, Obalno-kraška regija, Gorenjska regija	Hribi	Prepričan/-a sem, da bo tujcem v Sloveniji všeč	Češka	Več kot 10 let	Redni član/-ica	
9/19/2022 16:07:56	1-5	1-10	Turistični obisk Slovenije	Ljubljana, Podravska regija, Obalno-kraška regija, Gorenjska regija	Kranjska Gora (ne smucisce ampak Gore itd.), Maribor, Prlekija	Ponosen/-na sem na Slovenijo, Prepričan/-a sem, da bo tujcem v Sloveniji všeč	Avstrija, Luksemburg	Več kot 10 let	Redni član/-ica	
9/19/2022 16:13:08	6-15	1-10	Turistični obisk Slovenije	Ljubljana, Primorsko-notranjska regija, Obalno-kraška regija, Goriška regija, Gorenjska regija	Bohinj, Vrsic, Bovec, Most na Soci, hiking Julijske Alpe in Karavanke, smucanje na Krvavcu	Ponosen/-na sem na Slovenijo, Prepričan/-a sem, da bo tujcem v Sloveniji všeč, Želim pomagati slovenskemu turizmu	Velika Britanija, Portugalska	Več kot 10 let	Redni član/-ica	Poleg naravnih lepot in cistega zraka, je pomembna tudi kulinarika (ne samo hisa Franko ampak tudi normalne gostilne.  
9/19/2022 16:13:30	6-15	1-10	Turistični obisk Slovenije, Turistični obisk Slovenije in sosednjih držav	Ljubljana, Gorenjska regija	Trenta, Bohinj	Ponosen/-na sem na Slovenijo, Prepričan/-a sem, da bo tujcem v Sloveniji všeč, Želim pomagati slovenskemu turizmu	ZDA	Manj kot 1	Redni član/-ica	
9/19/2022 16:16:51	1-5	1-10	Turistični obisk Slovenije in sosednjih držav	Ljubljana, Obalno-kraška regija, Goriška regija, Gorenjska regija	Bovec, Goriška brda, Logarska dolina, Jezersko, Bohinj	Prepričan/-a sem, da bo tujcem v Sloveniji všeč	Velika Britanija	1-3	Redni član/-ica	
9/19/2022 16:18:03	1-5	11-30	Turistični obisk Slovenije in sosednjih držav	Ljubljana, Obalno-kraška regija, Gorenjska regija	Postojnska jama, dolina Soče, Martuljek 	Ponosen/-na sem na Slovenijo, Prepričan/-a sem, da bo tujcem v Sloveniji všeč	ZDA, Litva	Več kot 10 let	Redni član/-ica	
9/19/2022 16:22:55	1-5	11-30	Turistični obisk Slovenije in sosednjih držav, Poslovna pot	Ljubljana, Osrednjeslovenska regija (brez Ljubljane), Primorsko-notranjska regija, Obalno-kraška regija, Goriška regija, Gorenjska regija	Soča, Hiša Franko, Kobarid, Postojna	Ponosen/-na sem na Slovenijo, Prepričan/-a sem, da bo tujcem v Sloveniji všeč	ZDA	Več kot 10 let	Redni član/-ica	
9/19/2022 16:23:06	1-5	0	Turistični obisk Slovenije in sosednjih držav	Primorsko-notranjska regija, Goriška regija, Gorenjska regija	Dolina Soče (Kobarid, Bovec, etc.)	Slovenija je lepa destinacija	ZDA	5-10	Redni član/-ica	
9/19/2022 16:24:06	1-5	1-10	Turistični obisk Slovenije, Turistični obisk Slovenije in sosednjih držav	Ljubljana, Primorsko-notranjska regija, Obalno-kraška regija, Gorenjska regija	Cerkniško jezero, Pohorje, Kranj	Ponosen/-na sem na Slovenijo, Prepričan/-a sem, da bo tujcem v Sloveniji všeč, Želim pomagati slovenskemu turizmu	Nemčija, Velika Britanija	5-10	Redni član/-ica	
9/19/2022 16:24:25	1-5	1-10	Turistični obisk Slovenije, Turistični obisk Slovenije in sosednjih držav	Ljubljana, Savinjska regija, Gorenjska regija	Triglav, Bohinj, Rogla	Ponosen/-na sem na Slovenijo, Prepričan/-a sem, da bo tujcem v Sloveniji všeč, Samo, če me tujci vprašajo za priporočilo, jim predlagam, kam lahko grejo v Sloveniji	Velika Britanija	5-10	Redni član/-ica	
9/19/2022 16:26:48	6-15	11-30	Turistični obisk Slovenije	Ljubljana, Primorsko-notranjska regija, Obalno-kraška regija, Goriška regija, Gorenjska regija	Skocjanske jame, bohinjsko jezero, Bovec, Goriska Brda	Ponosen/-na sem na Slovenijo, Prepričan/-a sem, da bo tujcem v Sloveniji všeč	Belgija, Francija, Nemčija, Nizozemska, Švica	5-10	Izredni član/-ica	
9/19/2022 16:27:53	16-30	1-10	Turistični obisk Slovenije, Poslovna pot	Obalno-kraška regija, Goriška regija, Gorenjska regija	Škocjanske jame, Rakov Škocjan, Jezersko	Ponosen/-na sem na Slovenijo, Prepričan/-a sem, da bo tujcem v Sloveniji všeč	Francija, Luksemburg, Nemčija	Več kot 10 let	Izredni član/-ica	
9/19/2022 16:35:10	1-5	1-10	Turistični obisk Slovenije, Turistični obisk Slovenije in sosednjih držav	Ljubljana, Primorsko-notranjska regija, Gorenjska regija	Postojna, Dolenjska 	Ponosen/-na sem na Slovenijo, Prepričan/-a sem, da bo tujcem v Sloveniji všeč, Želim pomagati slovenskemu turizmu	Nemčija, Švica	3-5	Redni član/-ica	
9/19/2022 16:35:52	6-15	11-30	Turistični obisk Slovenije, Turistični obisk Slovenije in sosednjih držav	Ljubljana, Primorsko-notranjska regija, Obalno-kraška regija, Goriška regija, Gorenjska regija	Vipavska dolina, Brda, Kobarid in ostale znamenitosti WWI, manj turistične jame, pot julijana	Ponosen/-na sem na Slovenijo, Prepričan/-a sem, da bo tujcem v Sloveniji všeč, Neokrnjena narava	Belgija, Francija, Skandinavija, Japonska	5-10	Redni član/-ica	
9/19/2022 16:38:03	31+	11-30	Turistični obisk Slovenije, Turistični obisk Slovenije in sosednjih držav	Ljubljana, Gorenjska regija	Zraven (ali namesto) Bleda tudi Bohinj in Slap Savica, Soča (obvezen rafting), Brda, Logarska dolina	Ponosen/-na sem na Slovenijo, Prepričan/-a sem, da bo tujcem v Sloveniji všeč, Želim pomagati slovenskemu turizmu	Nemčija, Švica, Singapur	1-3	Redni član/-ica	
9/19/2022 16:38:31	1-5	1-10	Turistični obisk Slovenije	Ljubljana, Primorsko-notranjska regija, Obalno-kraška regija, Goriška regija, Gorenjska regija	Grad Branik/Rihemberk, Jezera Jasna, Zelenci, Tamar, Lepena Valley, korita mostnice, waterfall Grmečica in Peračica	Prepričan/-a sem, da bo tujcem v Sloveniji všeč, Samo, če me tujci vprašajo za priporočilo, jim predlagam, kam lahko grejo v Sloveniji	Češka, Nizozemska, Velika Britanija	5-10	Redni član/-ica	
9/19/2022 16:43:31	1-5	1-10	Turistični obisk Slovenije, Turistični obisk Slovenije in sosednjih držav	Ljubljana, Obalno-kraška regija, Gorenjska regija	Soča, Postojnska jama, Štanjel	Ponosen/-na sem na Slovenijo, Prepričan/-a sem, da bo tujcem v Sloveniji všeč	Nizozemska	1-3	Redni član/-ica	
9/19/2022 16:43:41	6-15	31-50	Turistični obisk Slovenije, Turistični obisk Slovenije in sosednjih držav	Ljubljana, Savinjska regija, Obalno-kraška regija, Gorenjska regija	Savinjska regija	Prepričan/-a sem, da bo tujcem v Sloveniji všeč, Želim pomagati slovenskemu turizmu	Švica	Več kot 10 let	Redni član/-ica	
9/19/2022 16:55:40	6-15	11-30	Turistični obisk Slovenije, Turistični obisk Slovenije in sosednjih držav, Poslovna pot	Ljubljana, Obalno-kraška regija, Goriška regija, Gorenjska regija		Ponosen/-na sem na Slovenijo, Prepričan/-a sem, da bo tujcem v Sloveniji všeč	Francija, ZDA	1-3	Redni član/-ica	
9/19/2022 16:58:31	1-5	1-10	Turistični obisk Slovenije in sosednjih držav	Ljubljana, Osrednjeslovenska regija (brez Ljubljane), Goriška regija, Gorenjska regija	Kamnik (Velika planina pa tudi ostali hribi in mesto), Bohinjsko jezero, 	Ponosen/-na sem na Slovenijo, Prepričan/-a sem, da bo tujcem v Sloveniji všeč, Želim pomagati slovenskemu turizmu	Francija, Nemčija, Nizozemska, Velika Britanija	5-10	Redni član/-ica	
9/19/2022 16:58:38	31+	1-10	Turistični obisk Slovenije, Turistični obisk Slovenije in sosednjih držav	Ljubljana, Primorsko-notranjska regija, Obalno-kraška regija, Gorenjska regija		Ponosen/-na sem na Slovenijo, Prepričan/-a sem, da bo tujcem v Sloveniji všeč	Velika Britanija, ZDA	3-5	Nisem član/-ica	
9/19/2022 16:58:56	1-5	0	Turistični obisk Slovenije in sosednjih držav	Ljubljana, Primorsko-notranjska regija, Obalno-kraška regija, Goriška regija, Gorenjska regija	predvsem jame, npr skocijanske, postonjska, predjamski grad	Samo, če me tujci vprašajo za priporočilo, jim predlagam, kam lahko grejo v Sloveniji	Skandinavija, Velika Britanija, ZDA	5-10	Redni član/-ica	
9/19/2022 16:59:19	6-15	1-10	Turistični obisk Slovenije	Ljubljana, Savinjska regija, Primorsko-notranjska regija, Obalno-kraška regija, Goriška regija, Gorenjska regija	Kras	Ponosen/-na sem na Slovenijo, Prepričan/-a sem, da bo tujcem v Sloveniji všeč	Švica, Kanada, Madžarska	3-5	Redni član/-ica	
9/19/2022 17:01:15	6-15	11-30	Turistični obisk Slovenije	Ljubljana, Obalno-kraška regija, Goriška regija, Gorenjska regija	Goriška Brda, Velika Planina	Ponosen/-na sem na Slovenijo, Prepričan/-a sem, da bo tujcem v Sloveniji všeč, Želim pomagati slovenskemu turizmu	Francija	5-10	Redni član/-ica	
9/19/2022 17:03:30	31+	51-100	Turistični obisk Slovenije, Poslovna pot	Ljubljana, Obalno-kraška regija, Gorenjska regija	Izola	Ponosen/-na sem na Slovenijo, Prepričan/-a sem, da bo tujcem v Sloveniji všeč, Želim pomagati slovenskemu turizmu	Avstrija, Francija, Švica	Več kot 10 let	Redni član/-ica	Izmenjava študentov, društev med Švico in Slovenijo preko dobro organiziranih kulturnih dogodkov
9/19/2022 17:11:28	1-5	0	Turistični obisk Slovenije, Ne vem	Ljubljana, Obalno-kraška regija, Gorenjska regija	Kobarid 	Samo, če me tujci vprašajo za priporočilo, jim predlagam, kam lahko grejo v Sloveniji	ZDA, Kanada, Italija	5-10	Nisem član/-ica	
9/19/2022 17:17:47	6-15	1-10	Turistični obisk Slovenije, Turistični obisk Slovenije in sosednjih držav	Ljubljana, Osrednjeslovenska regija (brez Ljubljane), Koroška regija, Savinjska regija, Podravska regija, Pomurska regija, Zasavska regija, Posavska regija, Jugovzhodna Slovenija, Primorsko-notranjska regija, Obalno-kraška regija, Goriška regija, Gorenjska regija	Astroturizam, holistični retreat, ekoturizam	Ponosen/-na sem na Slovenijo, Želim pomagati slovenskemu turizmu	Belgija, Francija, Luksemburg, Velika Britanija, Srbija	3-5	Nisem član/-ica	
9/19/2022 17:18:40	1-5	0	Turistični obisk Slovenije	Obalno-kraška regija, Gorenjska regija	Celje, Maribor, Ptuj	Ponosen/-na sem na Slovenijo	Nemčija	Več kot 10 let	Redni član/-ica	
9/19/2022 17:21:56	6-15	11-30	Turistični obisk Slovenije	Ljubljana, Savinjska regija, Primorsko-notranjska regija, Obalno-kraška regija		Ponosen/-na sem na Slovenijo, Prepričan/-a sem, da bo tujcem v Sloveniji všeč, Želim pomagati slovenskemu turizmu	Francija, ZDA	Več kot 10 let	Nisem član/-ica	
9/19/2022 17:23:00	6-15	11-30	Turistični obisk Slovenije, Turistični obisk Slovenije in sosednjih držav, Poslovna pot	Ljubljana, Osrednjeslovenska regija (brez Ljubljane), Savinjska regija, Pomurska regija, Zasavska regija, Primorsko-notranjska regija, Obalno-kraška regija, Goriška regija, Gorenjska regija	Soča, Logarska dolina, Dolenjska, Prekmurje	Ponosen/-na sem na Slovenijo, Prepričan/-a sem, da bo tujcem v Sloveniji všeč, Želim pomagati slovenskemu turizmu	Nemčija, Velika Britanija	Več kot 10 let	Redni član/-ica	
9/19/2022 17:26:17	1-5	0	Turistični obisk Slovenije in sosednjih držav	Ljubljana, Podravska regija, Obalno-kraška regija, Gorenjska regija	Ptuj, Štanjel, Logarska dolina	Ponosen/-na sem na Slovenijo, Prepričan/-a sem, da bo tujcem v Sloveniji všeč, Želim pomagati slovenskemu turizmu	Avstrija, Švica	Manj kot 1	Redni član/-ica	
9/19/2022 17:26:50	1-5	0	Turistični obisk Slovenije, Turistični obisk Slovenije in sosednjih držav	Ljubljana, Osrednjeslovenska regija (brez Ljubljane), Primorsko-notranjska regija, Obalno-kraška regija, Gorenjska regija	Kranjska gora/Jezero Jasna, Bovec/Soča, Strunjan, Štanjel	Ponosen/-na sem na Slovenijo, Prepričan/-a sem, da bo tujcem v Sloveniji všeč	Češka, Francija, Španija	1-3	Nisem član/-ica	
9/19/2022 17:40:36	6-15	11-30	Turistični obisk Slovenije	Jugovzhodna Slovenija, Obalno-kraška regija, Gorenjska regija	Dolina reke Soce: Bovec, Tolmin, Most na Soci, Kanal, Radovljica, Kranjska Gora, Jeruzalem, Otocec, etc.	Ponosen/-na sem na Slovenijo, Prepričan/-a sem, da bo tujcem v Sloveniji všeč	Nemčija, Španija, Irska	Več kot 10 let	Redni član/-ica	n/o
9/19/2022 17:43:13	6-15	1-10	Turistični obisk Slovenije in sosednjih držav	Ljubljana, Osrednjeslovenska regija (brez Ljubljane), Koroška regija, Savinjska regija, Podravska regija, Pomurska regija, Zasavska regija, Posavska regija, Jugovzhodna Slovenija, Primorsko-notranjska regija, Obalno-kraška regija, Goriška regija, Gorenjska regija	Goriška Brda, Nova Gorica, Maribor, Celje 	Ponosen/-na sem na Slovenijo, Prepričan/-a sem, da bo tujcem v Sloveniji všeč, Želim pomagati slovenskemu turizmu	Španija	1-3	Nisem član/-ica	
9/19/2022 17:43:38	1-5	1-10	Turistični obisk Slovenije, Turistični obisk Slovenije in sosednjih držav	Ljubljana, Obalno-kraška regija, Gorenjska regija	Razni Vintgarji	Ponosen/-na sem na Slovenijo, Prepričan/-a sem, da bo tujcem v Sloveniji všeč, Želim pomagati slovenskemu turizmu	Belgija, Francija, Luksemburg, Švica, Irska	5-10	Redni član/-ica	
9/19/2022 17:43:55	1-5	1-10	Turistični obisk Slovenije, Turistični obisk Slovenije in sosednjih držav	Ljubljana, Primorsko-notranjska regija, Obalno-kraška regija	Kras, Dravska dolina, Dolenjska	Prepričan/-a sem, da bo tujcem v Sloveniji všeč	Španija, Velika Britanija, Svedska	5-10	Nisem član/-ica	
9/19/2022 17:49:04	6-15	1-10	Turistični obisk Slovenije, Turistični obisk Slovenije in sosednjih držav	Ljubljana, Osrednjeslovenska regija (brez Ljubljane), Primorsko-notranjska regija, Gorenjska regija	Bled, Velika Planina, Ljubljana, Piran, Škocjanske jame	Prepričan/-a sem, da bo tujcem v Sloveniji všeč, Samo, če me tujci vprašajo za priporočilo, jim predlagam, kam lahko grejo v Sloveniji	Francija, Skandinavija	Več kot 10 let	Nisem član/-ica	Francoz sem ampak živim v Sloveniji tako da povabim družine in prijateljev v Sloveniji 
9/19/2022 17:50:03	6-15	1-10	Turistični obisk Slovenije in sosednjih držav, Poslovna pot	Ljubljana, Obalno-kraška regija, Goriška regija, Gorenjska regija		Ponosen/-na sem na Slovenijo, Samo, če me tujci vprašajo za priporočilo, jim predlagam, kam lahko grejo v Sloveniji	Belgija, Nizozemska, Velika Britanija, ZDA, srbija, argentina	Več kot 10 let	Redni član/-ica	potrebno je promovirati samo trajnostni turizem, ne masovni - zahodna Slovenija je poleti ze prenasicena
9/19/2022 17:52:16	16-30	1-10	Turistični obisk Slovenije	Gorenjska regija	Jaz jih pošljem v hribe - sedmera jezera, Vršič, če so usposobljeni Triglav, Krn, Lepo Špičje	Ponosen/-na sem na Slovenijo, Prepričan/-a sem, da bo tujcem v Sloveniji všeč	Skandinavija, Velika Britanija	5-10	Nisem član/-ica	
9/19/2022 18:03:50	6-15	11-30	Turistični obisk Slovenije in sosednjih držav	Ljubljana, Obalno-kraška regija	Bovec, Kobarid, Idrijsko	Prepričan/-a sem, da bo tujcem v Sloveniji všeč	Velika Britanija, ZDA	Več kot 10 let	Redni član/-ica	
9/19/2022 18:09:32	1-5	11-30	Turistični obisk Slovenije	Ljubljana, Savinjska regija, Primorsko-notranjska regija, Gorenjska regija	Maribor Celje Murska Sobota	Ponosen/-na sem na Slovenijo, Prepričan/-a sem, da bo tujcem v Sloveniji všeč	Francija	Več kot 10 let	Nisem član/-ica	Ne
9/19/2022 18:11:33	6-15	11-30	Turistični obisk Slovenije	Ljubljana, Primorsko-notranjska regija, Obalno-kraška regija, Gorenjska regija	Kranjska Gora, Zelenci, Jezero Jasna, Velika Planina, Zajamniki, Kras, Piran	Ponosen/-na sem na Slovenijo, Prepričan/-a sem, da bo tujcem v Sloveniji všeč	Velika Britanija, Irska 	5-10	Nisem član/-ica	
9/19/2022 18:22:52	6-15	11-30	Turistični obisk Slovenije, Turistični obisk Slovenije in sosednjih držav	Ljubljana, Obalno-kraška regija, Gorenjska regija	Bled, Piran, Mesecev zaliv, Postojnska jama in grad, Bohinj, Bovec 	Ponosen/-na sem na Slovenijo, Prepričan/-a sem, da bo tujcem v Sloveniji všeč, Želim pomagati slovenskemu turizmu, Samo, če me tujci vprašajo za priporočilo, jim predlagam, kam lahko grejo v Sloveniji	Belgija, Nizozemska, Italija, Avstralija, Kitajska	3-5	Nisem član/-ica	
9/19/2022 18:27:36	1-5	1-10	Turistični obisk Slovenije in sosednjih držav	Ljubljana, Gorenjska regija	Jezersko, Češka koča, Soča, Bovec, Julijske Alpe	Ponosen/-na sem na Slovenijo	Velika Britanija, Nova Zelandija 	5-10	Redni član/-ica	
9/19/2022 18:34:58	1-5	1-10	Turistični obisk Slovenije in sosednjih držav	Ljubljana	Ponavadi samo ze znane lokacije.	Prepričan/-a sem, da bo tujcem v Sloveniji všeč	Španija	3-5	Redni član/-ica	
9/19/2022 18:41:53	6-15	51-100	Turistični obisk Slovenije, Obisk mene	Ljubljana, Osrednjeslovenska regija (brez Ljubljane), Primorsko-notranjska regija, Obalno-kraška regija, Gorenjska regija	Velika planina, podrocje okrog kolpe, dolina soce, vrsic	Ponosen/-na sem na Slovenijo, Prepričan/-a sem, da bo tujcem v Sloveniji všeč, Ker zelim, da me spoznajo v mojem domace okolju	Nizozemska, Velika Britanija, Brazilija, vec drzav v Afriki, vec drzav na Bliznjem Vzhodu	5-10	Redni član/-ica	
9/19/2022 18:43:25	1-5	1-10	Turistični obisk Slovenije, Turistični obisk Slovenije in sosednjih držav, Poslovna pot	Ljubljana, Savinjska regija, Pomurska regija, Jugovzhodna Slovenija, Primorsko-notranjska regija, Obalno-kraška regija, Gorenjska regija	Štanjel, Otočec, Laško in Celjski grad, Prekmurje, Triglavski narodni park	Ponosen/-na sem na Slovenijo, Prepričan/-a sem, da bo tujcem v Sloveniji všeč, Želim pomagati slovenskemu turizmu	Francija, Rusija, Hrvaška	5-10	Nisem član/-ica	
9/19/2022 19:24:04	16-30	11-30	Turistični obisk Slovenije, Turistični obisk Slovenije in sosednjih držav	Ljubljana, Gorenjska regija	Kranjska Gora, Jasna, Dolina Soče, Logarska dolina,  Otočec, Postojna	Ponosen/-na sem na Slovenijo, Želim pomagati slovenskemu turizmu	Srbija	Več kot 10 let	Redni član/-ica	
9/19/2022 19:28:45	1-5	1-10	Turistični obisk Slovenije in sosednjih držav	Ljubljana, Primorsko-notranjska regija, Obalno-kraška regija, Goriška regija, Gorenjska regija	Kobarid, Bovec, Velika Planina, Kranjska Gora, Bohinj	Ponosen/-na sem na Slovenijo, Prepričan/-a sem, da bo tujcem v Sloveniji všeč	ZDA, Hong Kong, Tajvan, Tajska	Več kot 10 let	Redni član/-ica	
9/19/2022 19:36:47	1-5	1-10	Turistični obisk Slovenije, Turistični obisk Slovenije in sosednjih držav	Ljubljana, Obalno-kraška regija, Goriška regija, Gorenjska regija	Bled, Soska dolina, Piran, Postomjska jama, Lipica, Stanjel	Ponosen/-na sem na Slovenijo, Prepričan/-a sem, da bo tujcem v Sloveniji všeč	Velika Britanija, Ciper	Več kot 10 let	Redni član/-ica	
9/19/2022 19:45:57	6-15	51-100	Turistični obisk Slovenije	Ljubljana, Savinjska regija, Goriška regija, Gorenjska regija	Gozd Martuljek,kranjska Gora ,soca,	Ponosen/-na sem na Slovenijo, Prepričan/-a sem, da bo tujcem v Sloveniji všeč	Francija	Več kot 10 let	Izredni član/-ica	Peu de français en Slovénie, une action ciblée en France permettrait de faire découvrir ce beau pays!
9/19/2022 19:53:49	1-5	1-10	Turistični obisk Slovenije, Turistični obisk Slovenije in sosednjih držav	Jugovzhodna Slovenija, Primorsko-notranjska regija, Gorenjska regija	Kobarid in Soca,  Bela krajina, Otocec, Kostanjevica na Krki…	Ponosen/-na sem na Slovenijo, Prepričan/-a sem, da bo tujcem v Sloveniji všeč	Velika Britanija	5-10	Nisem član/-ica	
9/19/2022 19:59:37	1-5	1-10	Turistični obisk Slovenije in sosednjih držav	Obalno-kraška regija, Gorenjska regija	Tolminska korita, supanje v bohinju in obisk sosednjih hribov	Ponosen/-na sem na Slovenijo, Prepričan/-a sem, da bo tujcem v Sloveniji všeč	Nizozemska, Velika Britanija	Več kot 10 let	Izredni član/-ica	Lahko bi uredili kako brošuro, ki bi se lahko posebej delila v akademskih krogih in predstavila kaj vse ponuja Slovenija (npr. tudi razne poletne šole ipd).
9/19/2022 20:03:39	31+	51-100	Turistični obisk Slovenije	Ljubljana, Obalno-kraška regija, Gorenjska regija	Ljubljana, Bled, Postojna	Ponosen/-na sem na Slovenijo, Prepričan/-a sem, da bo tujcem v Sloveniji všeč, Želim pomagati slovenskemu turizmu, To je odlicno za slovensko ekonomijo	Avstrija, ZDA	1-3	Redni član/-ica	
9/19/2022 20:05:43	6-15	1-10	Turistični obisk Slovenije in sosednjih držav, festivali	Ljubljana, Primorsko-notranjska regija, Obalno-kraška regija, Goriška regija, Gorenjska regija	martuljški slapovi, triglavski narodni park, brda, izola	Prepričan/-a sem, da bo tujcem v Sloveniji všeč	Nizozemska	1-3	Nisem član/-ica	
9/19/2022 20:43:54	6-15	1-10	Turistični obisk Slovenije, Turistični obisk Slovenije in sosednjih držav	Primorsko-notranjska regija, Obalno-kraška regija, Gorenjska regija	Zelenci, Pohorje, Soline, termalna zdravilišča	Ponosen/-na sem na Slovenijo, Prepričan/-a sem, da bo tujcem v Sloveniji všeč	Avstrija, Kenija, Portugalska	3-5	Redni član/-ica	
9/19/2022 20:53:02	1-5	11-30	Turistični obisk Slovenije	Ljubljana, Primorsko-notranjska regija, Obalno-kraška regija, Goriška regija, Gorenjska regija	Goriška brda, Slap Kozjak, Pokljuka	Ponosen/-na sem na Slovenijo	Avstrija, Španija, Kitajska	3-5	Redni član/-ica	
9/19/2022 20:56:15	1-5	1-10	Turistični obisk Slovenije	Ljubljana, Obalno-kraška regija, Goriška regija, Gorenjska regija	Tolmin, bovec, dolina soce, vrsic, kranjska gora, 	Ponosen/-na sem na Slovenijo, Prepričan/-a sem, da bo tujcem v Sloveniji všeč	Belgija, ZDA	Več kot 10 let	Redni član/-ica	
9/19/2022 21:05:00	1-5	11-30	Turistični obisk Slovenije	Ljubljana, Osrednjeslovenska regija (brez Ljubljane), Koroška regija, Primorsko-notranjska regija, Obalno-kraška regija, Gorenjska regija	Polhograjski hribi, Češka koča, Škocjanske jame, Pohorje, Sprehod po krošnjah	Ponosen/-na sem na Slovenijo, Prepričan/-a sem, da bo tujcem v Sloveniji všeč	Nizozemska, Skandinavija	5-10	Redni član/-ica	
9/19/2022 21:15:38	1-5	1-10	Turistični obisk Slovenije, Turistični obisk Slovenije in sosednjih držav	Ljubljana, Obalno-kraška regija, Gorenjska regija		Samo, če me tujci vprašajo za priporočilo, jim predlagam, kam lahko grejo v Sloveniji	Nemčija, Nizozemska	5-10	Redni član/-ica	
9/19/2022 22:18:57	1-5	1-10	Turistični obisk Slovenije, Turistični obisk Slovenije in sosednjih držav	Ljubljana, Pomurska regija, Gorenjska regija	Prekmurje	Prepričan/-a sem, da bo tujcem v Sloveniji všeč, Samo, če me tujci vprašajo za priporočilo, jim predlagam, kam lahko grejo v Sloveniji	Švica, ZDA	Več kot 10 let	Nisem član/-ica	
9/19/2022 22:54:32	6-15	1-10	Turistični obisk Slovenije, Turistični obisk Slovenije in sosednjih držav	Ljubljana, Posavska regija, Obalno-kraška regija, Goriška regija, Gorenjska regija	Jezero Jasna, Soča, Maribor	Ponosen/-na sem na Slovenijo, Prepričan/-a sem, da bo tujcem v Sloveniji všeč	Irska	1-3	Nisem član/-ica	
9/19/2022 23:00:36	1-5	1-10	Turistični obisk Slovenije, Turistični obisk Slovenije in sosednjih držav, Poslovna pot	Posavska regija, Primorsko-notranjska regija, Obalno-kraška regija, Goriška regija, Gorenjska regija	Dolina Soče, Škocjan	Ponosen/-na sem na Slovenijo, Prepričan/-a sem, da bo tujcem v Sloveniji všeč	Avstrija, Velika Britanija	5-10	Redni član/-ica	
9/20/2022 3:21:35	6-15	1-10	Turistični obisk Slovenije in sosednjih držav	Ljubljana, Goriška regija		Ponosen/-na sem na Slovenijo, Prepričan/-a sem, da bo tujcem v Sloveniji všeč	Francija, ZDA, Italija	Več kot 10 let	Redni član/-ica	
9/20/2022 4:13:31	6-15	11-30	Turistični obisk Slovenije, Turistični obisk Slovenije in sosednjih držav	Ljubljana, Obalno-kraška regija, Gorenjska regija	Lipica, Postojnaska Jama	Ponosen/-na sem na Slovenijo, Prepričan/-a sem, da bo tujcem v Sloveniji všeč, Želim pomagati slovenskemu turizmu	Kanada	5-10	Redni član/-ica	
9/20/2022 4:16:51	1-5	1-10	Turistični obisk Slovenije in sosednjih držav	Ljubljana, Primorsko-notranjska regija, Obalno-kraška regija	Idrija, Vipavska dolina, Bohinj, Kranjska Gora 	Ponosen/-na sem na Slovenijo, Prepričan/-a sem, da bo tujcem v Sloveniji všeč, Želim pomagati slovenskemu turizmu	ZDA	5-10	Redni član/-ica	
9/20/2022 6:13:14	16-30	1-10	Turistični obisk Slovenije	Ljubljana, Gorenjska regija		Prepričan/-a sem, da bo tujcem v Sloveniji všeč, Želim pomagati slovenskemu turizmu	Velika Britanija	Manj kot 1	Nisem član/-ica	
9/20/2022 6:59:52	16-30	1-10	Turistični obisk Slovenije in sosednjih držav	Ljubljana, Primorsko-notranjska regija, Obalno-kraška regija, Gorenjska regija	Jame, vintgarji, Soča, druge gorske destinacije, vinske kleti.	Prepričan/-a sem, da bo tujcem v Sloveniji všeč, Želim pomagati slovenskemu turizmu	Avstrija, Velika Britanija, Hrvaška 	Več kot 10 let	Redni član/-ica	
9/20/2022 7:03:32	1-5	51-100	Turistični obisk Slovenije, Turistični obisk Slovenije in sosednjih držav, Poslovna pot	Ljubljana, Podravska regija, Gorenjska regija	Jelenov Greben, jezero Jasna, Ptuj in Maribor	Ponosen/-na sem na Slovenijo, Prepričan/-a sem, da bo tujcem v Sloveniji všeč	Belgija, Španija, ZDA	Več kot 10 let	Redni član/-ica	
9/20/2022 7:26:05	6-15	1-10	Turistični obisk Slovenije, Turistični obisk Slovenije in sosednjih držav	Ljubljana, Gorenjska regija	Postojnska jama, Reka Soča, Bohinj, Tamar	Ponosen/-na sem na Slovenijo, Prepričan/-a sem, da bo tujcem v Sloveniji všeč	Francija, Nizozemska, Velika Britanija	5-10	Redni član/-ica	
9/20/2022 7:39:34	6-15	1-10	Turistični obisk Slovenije, Turistični obisk Slovenije in sosednjih držav, Obisk prijateljev	Ljubljana, Pomurska regija, Primorsko-notranjska regija, Obalno-kraška regija, Gorenjska regija	Križna jama, grad Snežnik, Kobarid (Soška fronta), park Goričko, Ptuj, grad v Celju, Rakov Škocjan, grad Strmol, Slamnikarski muzej v Domžalah...	Ponosen/-na sem na Slovenijo, Prepričan/-a sem, da bo tujcem v Sloveniji všeč, Želim pomagati slovenskemu turizmu	Velika Britanija, Švedska	1-3	Redni član/-ica	
9/20/2022 7:51:59	6-15	1-10	Turistični obisk Slovenije	Ljubljana, Primorsko-notranjska regija, Obalno-kraška regija, Goriška regija, Gorenjska regija	Postojna, Bohinj, Tolmin (do Bovca - Soča), Goriška brda, Škocjanske jame, Kočevski rog	Ponosen/-na sem na Slovenijo, Prepričan/-a sem, da bo tujcem v Sloveniji všeč	Avstrija, Velika Britanija, Hrvaška	1-3	Redni član/-ica	
9/20/2022 7:57:42	1-5	0	Turistični obisk Slovenije, Turistični obisk Slovenije in sosednjih držav	Primorsko-notranjska regija, Obalno-kraška regija, Goriška regija, Gorenjska regija	Bovec, Soča, Bled, Alpe	Prepričan/-a sem, da bo tujcem v Sloveniji všeč	Velika Britanija, Turčija 	5-10	Redni član/-ica	
9/20/2022 8:08:57	16-30	1-10	Turistični obisk Slovenije, Turistični obisk Slovenije in sosednjih držav	Ljubljana, Obalno-kraška regija, Gorenjska regija	Bovec, Ptuj, Kraška regija (wine tasting) 	Ponosen/-na sem na Slovenijo, Prepričan/-a sem, da bo tujcem v Sloveniji všeč, Želim pomagati slovenskemu turizmu	Nizozemska, Švica, Velika Britanija	3-5	Redni član/-ica	Lahko bi naredili seznam destinacij ki so manj poznane da se zacnejo bolj pogosto priporocati tujcem
9/20/2022 8:31:37	6-15	1-10	Turistični obisk Slovenije	Ljubljana, Primorsko-notranjska regija, Obalno-kraška regija, Gorenjska regija	Cenejše možnosti prkiranja, ugodna hrana, lepi skriti in neturistični kotički	Ponosen/-na sem na Slovenijo, Prepričan/-a sem, da bo tujcem v Sloveniji všeč	Nizozemska	1-3	Nisem član/-ica	
9/20/2022 8:42:39	1-5	1-10	Turistični obisk Slovenije, Turistični obisk Slovenije in sosednjih držav	Ljubljana, Gorenjska regija	Bohinj, Alpe	Prepričan/-a sem, da bo tujcem v Sloveniji všeč	Velika Britanija, Irska	Več kot 10 let	Redni član/-ica	
9/20/2022 8:50:06	16-30	1-10	Turistični obisk Slovenije in sosednjih držav	Ljubljana, Gorenjska regija	Pokažem slike na svojemu telefonu in tudi omenim, kaj je tam moč najti za pod zob. Ponavadi so vsi zadovoljni s slovensko hrano in vinom, tako da za manj turistične predele kot so npr. Goriška Brda ali pa Dolenjska vedno predlagam še kakšno restavracijo in obisk vinotek.	Ponosen/-na sem na Slovenijo, Prepričan/-a sem, da bo tujcem v Sloveniji všeč, Želim pomagati slovenskemu turizmu	Švica, Velika Britanija	3-5	Redni član/-ica	Super vprašalnik, upam da bo iz tega lahko prišlo do kakšnega sodelovanja s kakšno turistično agencijo.
9/20/2022 8:51:38	16-30	1-10	Turistični obisk Slovenije, Turistični obisk Slovenije in sosednjih držav	Ljubljana, Primorsko-notranjska regija, Obalno-kraška regija, Gorenjska regija		Ponosen/-na sem na Slovenijo, Prepričan/-a sem, da bo tujcem v Sloveniji všeč, Želim pomagati slovenskemu turizmu	Švica, Velika Britanija	3-5	Redni član/-ica	
9/20/2022 8:53:44	1-5	11-30	Turistični obisk Slovenije, Turistični obisk Slovenije in sosednjih držav	Goriška regija, Gorenjska regija	Kobarid, Bovec, Tolmin	Ponosen/-na sem na Slovenijo, Samo, če me tujci vprašajo za priporočilo, jim predlagam, kam lahko grejo v Sloveniji	Nizozemska, Velika Britanija	3-5	Redni član/-ica	
9/20/2022 9:18:28	1-5	11-30	Turistični obisk Slovenije	Ljubljana, Primorsko-notranjska regija, Obalno-kraška regija, Gorenjska regija	Jezersko ter hribi v okolici npr. Ceska koca (letos obiskalo 9 ljudi na mojo pobudo), Kriska gora, Kofce, Ljubljana, dolina reke Soce, obala, TNP.	Ponosen/-na sem na Slovenijo, Prepričan/-a sem, da bo tujcem v Sloveniji všeč, Ker je drzava izredno lepa. Sploh, ce imas rad hribe. 	Avstralija	5-10	Redni član/-ica	Veliko ljudi ne ve nicesar o Sloveniji. Po mojih izkusnjah, ko grejo enkrat, se vedno vracajo. In vecina teh, ki se vraca (iz Avstralije, Nemcije, Francije, Italije) ne razume, zakaj bi se kdo izselil :)
9/20/2022 9:20:05	1-5	1-10	Turistični obisk Slovenije, Turistični obisk Slovenije in sosednjih držav, Poslovna pot, Ne vem	Ljubljana, Osrednjeslovenska regija (brez Ljubljane), Primorsko-notranjska regija, Obalno-kraška regija, Goriška regija	Bovec, Solkanski most,... 	Ponosen/-na sem na Slovenijo, Prepričan/-a sem, da bo tujcem v Sloveniji všeč, Želim pomagati slovenskemu turizmu	Belgija	Manj kot 1	Redni član/-ica	
9/20/2022 9:23:44	6-15	1-10	Turistični obisk Slovenije, obisk prijateljev	Ljubljana, Obalno-kraška regija	Bled, Lj, obala	Ponosen/-na sem na Slovenijo, Prepričan/-a sem, da bo tujcem v Sloveniji všeč	Avstrija, Nemčija	5-10	Redni član/-ica	
9/20/2022 9:48:52	1-5	1-10	Turistični obisk Slovenije	Obalno-kraška regija, Gorenjska regija	Zg. JEZERSKO	Ponosen/-na sem na Slovenijo, Prepričan/-a sem, da bo tujcem v Sloveniji všeč, Želim pomagati slovenskemu turizmu	Kitajska, Tajska	Več kot 10 let	Nisem član/-ica	
9/20/2022 11:28:57	6-15	1-10	Turistični obisk Slovenije, Turistični obisk Slovenije in sosednjih držav	Ljubljana, Savinjska regija, Obalno-kraška regija, Gorenjska regija	Soča in Posočje, Gorenjska z gorami in planinami, Bohinjsko jezero in Vogel	Ponosen/-na sem na Slovenijo, Prepričan/-a sem, da bo tujcem v Sloveniji všeč, Želim pomagati slovenskemu turizmu	Velika Britanija	5-10	Redni član/-ica	Super ideja za blog!
9/20/2022 11:49:16	1-5	1-10	Turistični obisk Slovenije in sosednjih držav	Obalno-kraška regija	Skocjanske jame, Lipica, Lokev	Ponosen/-na sem na Slovenijo, Prepričan/-a sem, da bo tujcem v Sloveniji všeč	Velika Britanija	Več kot 10 let	Nisem član/-ica	
9/20/2022 12:26:03	6-15	1-10	Turistični obisk Slovenije, Turistični obisk Slovenije in sosednjih držav, Poslovna pot	Savinjska regija, Pomurska regija, Primorsko-notranjska regija	korita Soče, krajinski park Goričko, Logarska, Solčava	Prepričan/-a sem, da bo tujcem v Sloveniji všeč	Velika Britanija	3-5	Redni član/-ica	
9/20/2022 12:39:41	6-15	0	Turistični obisk Slovenije, Turistični obisk Slovenije in sosednjih držav	Ljubljana, Osrednjeslovenska regija (brez Ljubljane), Primorsko-notranjska regija, Goriška regija	Soška dolina, skocjanske jame, bela krajina 	Ponosen/-na sem na Slovenijo, Prepričan/-a sem, da bo tujcem v Sloveniji všeč	Nemčija, Nizozemska, Skandinavija	5-10	Redni član/-ica	
9/20/2022 12:47:29	6-15	1-10	Turistični obisk Slovenije	Ljubljana, Obalno-kraška regija, Goriška regija, Gorenjska regija	Snežnik, Litija, Kostanjevica, Štanjel	Prepričan/-a sem, da bo tujcem v Sloveniji všeč, Želim pomagati slovenskemu turizmu	Nemčija, Švica, Hong Kong	Več kot 10 let	Redni član/-ica	
9/20/2022 17:11:43	6-15	1-10	Turistični obisk Slovenije, Turistični obisk Slovenije in sosednjih držav	Ljubljana, Primorsko-notranjska regija, Obalno-kraška regija, Gorenjska regija	Velika Planina, terme v Prekmurju, Kranjska Gora, Zelenci, Tamar, Kamnik, kraske jame	Prepričan/-a sem, da bo tujcem v Sloveniji všeč	Velika Britanija	Več kot 10 let	Nisem član/-ica	
9/20/2022 17:36:19	6-15	31-50	Turistični obisk Slovenije, Poslovna pot	Ljubljana, Pomurska regija, Jugovzhodna Slovenija, Goriška regija, Gorenjska regija	Škocjanska jama, Otočec in Kostanjevica na Krki, Novo mesto, Planica, Logarska dolina	Ponosen/-na sem na Slovenijo, Prepričan/-a sem, da bo tujcem v Sloveniji všeč	Francija, Skandinavija, Velika Britanija	1-3	Redni član/-ica	
9/20/2022 18:08:39	1-5	0	Turistični obisk Slovenije in sosednjih držav	Ljubljana, Obalno-kraška regija		Samo, če me tujci vprašajo za priporočilo, jim predlagam, kam lahko grejo v Sloveniji	Belgija	Manj kot 1	Redni član/-ica	
9/20/2022 18:53:35	1-5	1-10	Turistični obisk Slovenije, Turistični obisk Slovenije in sosednjih držav	Ljubljana, Osrednjeslovenska regija (brez Ljubljane), Savinjska regija, Primorsko-notranjska regija, Obalno-kraška regija, Goriška regija, Gorenjska regija	Kmečki turizem 	Ponosen/-na sem na Slovenijo, Prepričan/-a sem, da bo tujcem v Sloveniji všeč, Želim pomagati slovenskemu turizmu, Samo, če me tujci vprašajo za priporočilo, jim predlagam, kam lahko grejo v Sloveniji	Belgija	Več kot 10 let	Nisem član/-ica	V Belgiji zelo popularna pot bosih nog in tega v slo se nisem opazila ,zelo enostavno ,nizki stroški in zelo zabavno 
9/20/2022 19:48:55	6-15	1-10	Turistični obisk Slovenije	Ljubljana, Obalno-kraška regija, Gorenjska regija	Logarska dolina, Bohinj	Ponosen/-na sem na Slovenijo, Prepričan/-a sem, da bo tujcem v Sloveniji všeč, Želim pomagati slovenskemu turizmu	Avstrija, Španija, Švica, Velika Britanija	5-10	Redni član/-ica	Super vprašalnik, bomo dobili rezultate? 
9/20/2022 19:57:21	6-15	1-10	Turistični obisk Slovenije	Ljubljana, Jugovzhodna Slovenija, Primorsko-notranjska regija, Obalno-kraška regija, Goriška regija, Gorenjska regija	Tolminska korita, bolnica Franja, Goriska Brda, razne kulinarcne izkusnje.	Ponosen/-na sem na Slovenijo, Prepričan/-a sem, da bo tujcem v Sloveniji všeč	Nizozemska	3-5	Redni član/-ica	
9/20/2022 20:01:00	1-5	1-10	Turistični obisk Slovenije in sosednjih držav	Ljubljana, Gorenjska regija	Triglavska jezera, Vogel, Zelenci, Slemenova špica, Tamar	Prepričan/-a sem, da bo tujcem v Sloveniji všeč	Velika Britanija	5-10	Redni član/-ica	
9/20/2022 20:17:11	1-5	1-10	Turistični obisk Slovenije, Turistični obisk Slovenije in sosednjih držav	Ljubljana, Primorsko-notranjska regija, Obalno-kraška regija, Goriška regija, Gorenjska regija	Soška dolina, Vipavska dolina	Ponosen/-na sem na Slovenijo, Prepričan/-a sem, da bo tujcem v Sloveniji všeč	Skandinavija, Italija	1-3	Nisem član/-ica	
9/20/2022 20:31:03	6-15	11-30	Turistični obisk Slovenije	Ljubljana, Obalno-kraška regija, Gorenjska regija	Bovec, Korita Soče	Ponosen/-na sem na Slovenijo, Prepričan/-a sem, da bo tujcem v Sloveniji všeč	Švica, Norveska	1-3	Redni član/-ica	
9/20/2022 20:31:54	6-15	1-10	Turistični obisk Slovenije, Turistični obisk Slovenije in sosednjih držav, Poslovna pot	Ljubljana, Primorsko-notranjska regija, Obalno-kraška regija, Goriška regija, Gorenjska regija	Zgornje Jezersko, Logarska dolina, Lepa vida Secovlje, slovenski Kras (Stanjel), Brda	Ponosen/-na sem na Slovenijo, Prepričan/-a sem, da bo tujcem v Sloveniji všeč	Avstrija, Španija	5-10	Redni član/-ica	
9/20/2022 20:33:53	31+	11-30	Turistični obisk Slovenije, Turistični obisk Slovenije in sosednjih držav, Poslovna pot	Ljubljana, Posavska regija, Primorsko-notranjska regija, Obalno-kraška regija, Goriška regija	Glede na potrebe obiskovalca Slovenije. Znanstveniki imajo drugačne prioritete. 	Ponosen/-na sem na Slovenijo, Prepričan/-a sem, da bo tujcem v Sloveniji všeč, Želim pomagati slovenskemu turizmu	Avstrija, Češka, Švica, ZDA	3-5	Redni član/-ica	Hm, kako naj vem koliko ljudi je upoštevalo moje predloge obiskov? Z nekaterimi smo se dobili, od nekaterih pa nič ne vem. 
9/20/2022 20:37:24	1-5	0	Turistični obisk Slovenije, Turistični obisk Slovenije in sosednjih držav, Poslovna pot	Posavska regija, Obalno-kraška regija, Gorenjska regija	Sevnica, Maribor, Celje, Kostanjevica na Krki, Otočec, Novo mesto	Prepričan/-a sem, da bo tujcem v Sloveniji všeč, Želim pomagati slovenskemu turizmu	Skandinavija, Velika Britanija, Malta	1-3	Izredni član/-ica	Leta 2017 sem na Malti videla kar nekaj plakatov za obisk Slovenije, 2 domačina sta mi celo rekla, da načrtujeta dopust pri nas.
9/20/2022 20:53:50	31+	200+	Turistični obisk Slovenije, Turistični obisk Slovenije in sosednjih držav, Poslovna pot, obisk Slovenije povezan s športom	Ljubljana, Osrednjeslovenska regija (brez Ljubljane), Koroška regija, Savinjska regija, Podravska regija, Pomurska regija, Zasavska regija, Posavska regija, Jugovzhodna Slovenija, Primorsko-notranjska regija, Obalno-kraška regija, Goriška regija, Gorenjska regija	Namesto geografske lokacije promoviramo aktivnosti, ki se izvajajo na lokaciji (npr. kolesarstvo, pohodništvo, glasbeni festivali...). Na tak način lahko dvignemo popularnost destinacij, ki so sicer manj prepoznane ali celo manj atraktivne same po sebi.	Ponosen/-na sem na Slovenijo, Prepričan/-a sem, da bo tujcem v Sloveniji všeč, Želim pomagati slovenskemu turizmu, Promocija Slovenije je del mojega dela	Kanada	Več kot 10 let	Redni član/-ica	
9/20/2022 21:18:40	1-5	1-10	Turistični obisk Slovenije in sosednjih držav	Podravska regija, Gorenjska regija	Toplice 	Ponosen/-na sem na Slovenijo	Francija	5-10	Nisem član/-ica	Da bi se cela Slovenija promovirala be pa lj in Gorenjska in Primorska 
9/20/2022 21:37:08	6-15	1-10	Turistični obisk Slovenije, Poslovna pot	Ljubljana, Podravska regija, Primorsko-notranjska regija, Obalno-kraška regija, Gorenjska regija	Kobarid, Bovec, Lepena, območje Soče, Kranjska Gora, Jezersko	Ponosen/-na sem na Slovenijo, Prepričan/-a sem, da bo tujcem v Sloveniji všeč	Avstrija, Nemčija, Norveška	5-10	Izredni član/-ica	Zdi se mi pomembno poznati lastno kulturo in jo tudi obdržati, čeprav živiš v tujini. Spoštovanje tujega in skrb za lastno, te pripeljejo do veliko novih spoznanstev in dobre izmenjave informacij.
9/20/2022 21:50:35	1-5	1-10	Turistični obisk Slovenije, Turistični obisk Slovenije in sosednjih držav	Ljubljana, Obalno-kraška regija, Goriška regija, Gorenjska regija	Goriška brda	Ponosen/-na sem na Slovenijo, Prepričan/-a sem, da bo tujcem v Sloveniji všeč	Nizozemska	1-3	Redni član/-ica	
9/20/2022 22:27:13	31+	1-10	Turistični obisk Slovenije, Turistični obisk Slovenije in sosednjih držav	Savinjska regija, Primorsko-notranjska regija, Gorenjska regija	Piran, Postojnska Jama, kranjska Gora in Vršič (jasna), Ljubljana (1 dan) in Goriška brda	Ponosen/-na sem na Slovenijo, Prepričan/-a sem, da bo tujcem v Sloveniji všeč, Želim pomagati slovenskemu turizmu	Nizozemska, ZDA, Kanada	Več kot 10 let	Redni član/-ica	
9/20/2022 23:10:44	31+	11-30	Turistični obisk Slovenije	Ljubljana, Savinjska regija, Podravska regija, Primorsko-notranjska regija, Obalno-kraška regija	Bovec, Bohinj, Maribor	Ponosen/-na sem na Slovenijo, Prepričan/-a sem, da bo tujcem v Sloveniji všeč, Želim pomagati slovenskemu turizmu	Velika Britanija	5-10	Redni član/-ica	
9/20/2022 23:52:11	16-30	11-30	Turistični obisk Slovenije, Turistični obisk Slovenije in sosednjih držav	Ljubljana, Zasavska regija, Posavska regija, Primorsko-notranjska regija, Obalno-kraška regija, Goriška regija, Gorenjska regija	Rogaska Slatina, zasavje, Goriska Brda ofc. 	Ponosen/-na sem na Slovenijo, Prepričan/-a sem, da bo tujcem v Sloveniji všeč, Želim pomagati slovenskemu turizmu	Ukrajina, Irska	5-10	Nisem član/-ica	
9/21/2022 1:21:41	6-15	1-10	Turistični obisk Slovenije in sosednjih držav	Ljubljana, Obalno-kraška regija, Gorenjska regija	Tu je kljucnega pomena s kom se pogovarjamo in ustvarjamo poezavi in na podlagi tega jim priporocam obisk Pokljuke, Prekmurja in Krasa	Ponosen/-na sem na Slovenijo, Prepričan/-a sem, da bo tujcem v Sloveniji všeč, Želim pomagati slovenskemu turizmu	Avstralija	5-10	Izredni član/-ica	
9/21/2022 2:09:13	1-5	1-10	Turistični obisk Slovenije	Ljubljana, Primorsko-notranjska regija, Obalno-kraška regija, Goriška regija, Gorenjska regija	Bohinj, soline, Posočje 	Prepričan/-a sem, da bo tujcem v Sloveniji všeč	Skandinavija, Velika Britanija	5-10	Redni član/-ica	
9/21/2022 6:39:28	1-5	1-10	Turistični obisk Slovenije in sosednjih držav	Primorsko-notranjska regija, Obalno-kraška regija, Goriška regija, Gorenjska regija	Posočje, Goriška brda	Ponosen/-na sem na Slovenijo, Prepričan/-a sem, da bo tujcem v Sloveniji všeč	Skandinavija, Velika Britanija, Italija	3-5	Redni član/-ica	
9/21/2022 7:05:16	16-30	1-10	Turistični obisk Slovenije, Poslovna pot	Ljubljana, Primorsko-notranjska regija, Obalno-kraška regija, Goriška regija, Gorenjska regija	Trenta, Bovec, Goriška Brda, Bohinj, Vipavska dolina, Rogla	Ponosen/-na sem na Slovenijo, Prepričan/-a sem, da bo tujcem v Sloveniji všeč, Želim pomagati slovenskemu turizmu	Belgija, Francija, Nemčija, Francija	3-5	Redni član/-ica	
9/21/2022 7:25:14	6-15	1-10	Turistični obisk Slovenije in sosednjih držav	Ljubljana, Primorsko-notranjska regija, Goriška regija, Gorenjska regija	Jezersko	Prepričan/-a sem, da bo tujcem v Sloveniji všeč	Velika Britanija, Italija	5-10	Redni član/-ica	
9/21/2022 7:50:08	1-5	1-10	Turistični obisk Slovenije	Ljubljana, Gorenjska regija	Postojnska jama	Ponosen/-na sem na Slovenijo, Prepričan/-a sem, da bo tujcem v Sloveniji všeč, Želim pomagati slovenskemu turizmu	Belgija, Luksemburg, Tajska	Več kot 10 let	Redni član/-ica	
9/21/2022 8:50:22	6-15	1-10	Turistični obisk Slovenije in sosednjih držav	Ljubljana, Primorsko-notranjska regija, Obalno-kraška regija, Gorenjska regija	Škocjanske Jame, Tamar, 	Ponosen/-na sem na Slovenijo, Prepričan/-a sem, da bo tujcem v Sloveniji všeč	Velika Britanija	1-3	Redni član/-ica	
9/21/2022 12:15:42	1-5	1-10	Turistični obisk Slovenije, Turistični obisk Slovenije in sosednjih držav	Ljubljana, Podravska regija, Obalno-kraška regija, Gorenjska regija	Lovrenška jezera, kakršnokoli vinsko klet, Bohinj, Mesečev zaliv v Strunjanu	Prepričan/-a sem, da bo tujcem v Sloveniji všeč	Španija	5-10	Redni član/-ica	
9/21/2022 15:41:10	6-15	1-10	Turistični obisk Slovenije in sosednjih držav, Poslovna pot	Ljubljana, Primorsko-notranjska regija, Obalno-kraška regija, Goriška regija, Gorenjska regija	Posočje, turistične kmetije, kolesarske poti po brdih in pohorju	Ponosen/-na sem na Slovenijo, Prepričan/-a sem, da bo tujcem v Sloveniji všeč, Želim pomagati slovenskemu turizmu	Avstrija, Nemčija, Švica	5-10	Redni član/-ica	
9/21/2022 19:22:15	1-5	1-10	Turistični obisk Slovenije, Turistični obisk Slovenije in sosednjih držav	Savinjska regija, Primorsko-notranjska regija, Obalno-kraška regija, Gorenjska regija	Mangartsko sedlo, Škocjan, Podčetrtek, Žička kartuzija, Pohorje	Ponosen/-na sem na Slovenijo, Prepričan/-a sem, da bo tujcem v Sloveniji všeč	Velika Britanija	3-5	Izredni član/-ica	
9/21/2022 20:18:14	1-5	1-10	Turistični obisk Slovenije, Turistični obisk Slovenije in sosednjih držav	Ljubljana, Obalno-kraška regija, Gorenjska regija	Postojnjska hmjana	Ponosen/-na sem na Slovenijo, Prepričan/-a sem, da bo tujcem v Sloveniji všeč, Želim pomagati slovenskemu turizmu	Belgija, Švica, Urugay 	Več kot 10 let	Nisem član/-ica	
9/21/2022 20:25:37	16-30	200+	Turistični obisk Slovenije, Poslovna pot	Ljubljana, Koroška regija, Savinjska regija, Posavska regija, Primorsko-notranjska regija, Obalno-kraška regija, Goriška regija, Gorenjska regija	Postojnska in skocjanska jama,  planica  kmecki turizmi , vinske kleti, gradovi	Prepričan/-a sem, da bo tujcem v Sloveniji všeč	Nizozemska, Velika Britanija, Italija, Norveska, Balkan	5-10	Redni član/-ica	
9/21/2022 20:39:15	6-15	11-30	Turistični obisk Slovenije, Turistični obisk Slovenije in sosednjih držav	Ljubljana, Podravska regija, Obalno-kraška regija, Goriška regija, Gorenjska regija	Maribor, Pomurje, Pohorje, Rogla	Ponosen/-na sem na Slovenijo, Prepričan/-a sem, da bo tujcem v Sloveniji všeč	Velika Britanija	5-10	Redni član/-ica	
9/21/2022 21:14:22	31+	11-30	Turistični obisk Slovenije, Poslovna pot	Primorsko-notranjska regija, Obalno-kraška regija, Goriška regija, Gorenjska regija	Štanjel, Škocjanske jame, Posočje, Logarska dolina	Ponosen/-na sem na Slovenijo, Prepričan/-a sem, da bo tujcem v Sloveniji všeč, Samo, če me tujci vprašajo za priporočilo, jim predlagam, kam lahko grejo v Sloveniji	Skandinavija, Velika Britanija	5-10	Redni član/-ica	
9/22/2022 11:41:13	0	200+	lahka dekleta	Ljubljana	Golavobuka	Ne promoviram potovanj v Slovenijo	Avstrija, Belgija, Francija, Luksemburg, Nizozemska, Švica, Velika Britanija, ZDA	Več kot 10 let	Nisem član/-ica	Anketa je popolnoma neuporabna, kot nujno moram izbrati katero regijo priporočam, čeprav sem navedel, da ne priporočam nič!! Upam da bo vsaj kdo zaslužil kaj s to anketo, da ni bil moj čas stran vržen.
9/22/2022 11:48:12	1-5	1-10	Turistični obisk Slovenije	Ljubljana, Savinjska regija, Pomurska regija, Obalno-kraška regija, Gorenjska regija	Velenjsko jezero, Lovrencka jezera na Pohorju, dolina reke Soče, Bohinj, Radovljica, Celje, kaksna super restavracija po poti	Ponosen/-na sem na Slovenijo, Prepričan/-a sem, da bo tujcem v Sloveniji všeč, Želim pomagati slovenskemu turizmu	Španija	5-10	Redni član/-ica	
9/22/2022 17:06:20	16-30	101-200	Turistični obisk Slovenije, Turistični obisk Slovenije in sosednjih držav, Na obisk k meni 	Primorsko-notranjska regija, Obalno-kraška regija, Goriška regija, Gorenjska regija	Vipavska dolina! (Pokusina vin in kulinarika)	Ponosen/-na sem na Slovenijo, Prepričan/-a sem, da bo tujcem v Sloveniji všeč, Želim pomagati slovenskemu turizmu	Velika Britanija	5-10	Redni član/-ica	
9/23/2022 9:05:51	6-15	1-10	Turistični obisk Slovenije, Odlicno stajersko vino	Podravska regija, Jugovzhodna Slovenija, Obalno-kraška regija, Gorenjska regija	vinsko orientirani	Prepričan/-a sem, da bo tujcem v Sloveniji všeč, Da mi bucno olje in buteljke pripeljejo. 	Češka, Nemčija, Španija, Švica, ZDA, Japonska	5-10	Redni član/-ica	
9/23/2022 9:22:44	6-15	1-10	Turistični obisk Slovenije, Turistični obisk Slovenije in sosednjih držav	Ljubljana, Obalno-kraška regija, Gorenjska regija		Prepričan/-a sem, da bo tujcem v Sloveniji všeč, Želim pomagati slovenskemu turizmu	Skandinavija	Manj kot 1	Nisem član/-ica	
9/23/2022 9:35:42	6-15	11-30	Turistični obisk Slovenije, Turistični obisk Slovenije in sosednjih držav	Ljubljana, Primorsko-notranjska regija, Obalno-kraška regija, Goriška regija	Bohinj, Maribor, Soca	Ponosen/-na sem na Slovenijo, Prepričan/-a sem, da bo tujcem v Sloveniji všeč, Želim pomagati slovenskemu turizmu	Nizozemska	5-10	Redni član/-ica	/
9/23/2022 12:09:26	6-15	1-10	Turistični obisk Slovenije in sosednjih držav	Ljubljana, Posavska regija, Primorsko-notranjska regija, Obalno-kraška regija, Gorenjska regija	Kranjska Gora, Bovec in Soca, TNP	Ponosen/-na sem na Slovenijo, Prepričan/-a sem, da bo tujcem v Sloveniji všeč, Želim pomagati slovenskemu turizmu	Švica	5-10	Redni član/-ica	
9/23/2022 14:46:47	6-15	11-30	Turistični obisk Slovenije	Ljubljana, Goriška regija, Gorenjska regija	Bovec, Goriska Brda, Kras, Velika Planina, Vogel	Ponosen/-na sem na Slovenijo, Prepričan/-a sem, da bo tujcem v Sloveniji všeč, Želim pomagati slovenskemu turizmu	Francija, Velika Britanija, Peru, Cile, Bolivija	Več kot 10 let	Nisem član/-ica	Super, da se aktivirate se bolj na podrocju promocije Slovenije.
9/24/2022 10:43:13	6-15	1-10	Turistični obisk Slovenije	Obalno-kraška regija, Goriška regija, Gorenjska regija	Cerkniško jezero, Bovec, Tolminska korita, Vipava, Žička kartuzija, Grad Turjak, Martuljški slapovi	Prepričan/-a sem, da bo tujcem v Sloveniji všeč, Želim pomagati slovenskemu turizmu	Velika Britanija	3-5	Redni član/-ica	
9/24/2022 12:51:47	6-15	11-30	Turistični obisk Slovenije in sosednjih držav	Gorenjska regija	Nadiža, Prekmurje, Vače - Vranov let	Ponosen/-na sem na Slovenijo	Avstrija, Avstralija, Malta	3-5	Redni član/-ica	Redno vključevanje predstavnikov VTIS v SI program/delegacije v tujini in tesnejša povezanost z MZZ, UzS in MIZŠ ter MGRT in STO...
9/24/2022 16:21:27	1-5	1-10	Turistični obisk Slovenije in sosednjih držav, tranzit	Savinjska regija, Pomurska regija, Jugovzhodna Slovenija	Tudi drugi kraji ponujajo veliko zanimivega, lepega, predvsem pa so cenovno veliko bolj dostopni	Samo, če me tujci vprašajo za priporočilo, jim predlagam, kam lahko grejo v Sloveniji	srbija	Manj kot 1	Nisem član/-ica	-
9/24/2022 16:52:35	1-5	1-10	Turistični obisk Slovenije	Ljubljana, Obalno-kraška regija, Gorenjska regija		Ponosen/-na sem na Slovenijo, Prepričan/-a sem, da bo tujcem v Sloveniji všeč, Želim pomagati slovenskemu turizmu	Belgija, Nemčija, Španija, Velika Britanija	Več kot 10 let	Redni član/-ica	
9/24/2022 19:22:27	6-15	1-10	Turistični obisk Slovenije in sosednjih držav	Ljubljana, Osrednjeslovenska regija (brez Ljubljane), Podravska regija, Pomurska regija, Primorsko-notranjska regija, Obalno-kraška regija, Gorenjska regija	Križna jama, Iški vintgar, Iški morost, izvir Kamniške Bistrice.	Ponosen/-na sem na Slovenijo, Prepričan/-a sem, da bo tujcem v Sloveniji všeč	Skandinavija	Manj kot 1	Redni član/-ica	
9/25/2022 9:44:35	16-30	1-10	Turistični obisk Slovenije, Turistični obisk Slovenije in sosednjih držav	Ljubljana, Podravska regija, Obalno-kraška regija, Goriška regija	Maribor, Ptuj, Pohorje	Ponosen/-na sem na Slovenijo, Prepričan/-a sem, da bo tujcem v Sloveniji všeč, Želim pomagati slovenskemu turizmu	Nizozemska	Več kot 10 let	Redni član/-ica	Vec visualnega gradiva, ki se ga da prirediti in deliti z zainteresiranimi
9/25/2022 21:12:14	6-15	1-10	Turistični obisk Slovenije, Turistični obisk Slovenije in sosednjih držav	Ljubljana, Primorsko-notranjska regija, Obalno-kraška regija, Goriška regija, Gorenjska regija	Velika planina	Ponosen/-na sem na Slovenijo, Prepričan/-a sem, da bo tujcem v Sloveniji všeč, Želim pomagati slovenskemu turizmu	Belgija, Velika Britanija	3-5	Redni član/-ica	škoda da v zgornjih komentarjih ne omogočate vnosa točnih številk (npr pri vprašanju dve, se mi zdi 1-10 precej nespecifičen odgovor)
9/25/2022 23:50:09	1-5	1-10	Poslovna pot	Ljubljana		Prepričan/-a sem, da bo tujcem v Sloveniji všeč	ZDA	5-10	Redni član/-ica	
9/26/2022 13:31:07	16-30	1-10	Turistični obisk Slovenije, Turistični obisk Slovenije in sosednjih držav	Ljubljana, Pomurska regija, Primorsko-notranjska regija, Obalno-kraška regija, Gorenjska regija	Povezujem z gostilnicami	Ponosen/-na sem na Slovenijo, Prepričan/-a sem, da bo tujcem v Sloveniji všeč, Želim pomagati slovenskemu turizmu	ZDA	1-3	Nisem član/-ica	
9/26/2022 14:33:27	6-15	1-10	Turistični obisk Slovenije in sosednjih držav	Ljubljana, Obalno-kraška regija, Gorenjska regija	Kranjska Gora, Ptuj, Maribor 	Ponosen/-na sem na Slovenijo, Prepričan/-a sem, da bo tujcem v Sloveniji všeč, Želim pomagati slovenskemu turizmu	ZDA	5-10	Nisem član/-ica	
9/26/2022 16:02:26	6-15	1-10	Turistični obisk Slovenije in sosednjih držav	Ljubljana, Osrednjeslovenska regija (brez Ljubljane), Primorsko-notranjska regija, Obalno-kraška regija, Goriška regija	Goriska Brda, Soska Dolina, Bovec, Bohinjsko Jezero, Portoroz, Postojnske Jame, …	Prepričan/-a sem, da bo tujcem v Sloveniji všeč, Želim pomagati slovenskemu turizmu	ZDA	5-10	Nisem član/-ica	Zacnite promovirat na TikToku.
9/27/2022 3:13:26	6-15	1-10	Turistični obisk Slovenije, Turistični obisk Slovenije in sosednjih držav	Ljubljana, Primorsko-notranjska regija	Soča	Ponosen/-na sem na Slovenijo, Prepričan/-a sem, da bo tujcem v Sloveniji všeč, Želim pomagati slovenskemu turizmu	ZDA	Več kot 10 let	Nisem član/-ica	❤️
9/27/2022 3:16:34	1-5	1-10	Turistični obisk Slovenije in sosednjih držav, Poslovna pot	Ljubljana, Primorsko-notranjska regija, Obalno-kraška regija	Osilnica, Kobarid, Most na Soci, Logarska dolina, toplice	Prepričan/-a sem, da bo tujcem v Sloveniji všeč, Želim pomagati slovenskemu turizmu	ZDA	Več kot 10 let	Nisem član/-ica	
9/27/2022 20:42:59	6-15	31-50	Turistični obisk Slovenije, Turistični obisk Slovenije in sosednjih držav	Ljubljana, Pomurska regija, Primorsko-notranjska regija, Obalno-kraška regija, Goriška regija, Gorenjska regija	Goriska Brda, Maribor, Ptuj, Kostanjevica, Otocec	Ponosen/-na sem na Slovenijo, Prepričan/-a sem, da bo tujcem v Sloveniji všeč	Češka, Turčija	3-5	Redni član/-ica	
9/28/2022 10:23:54	16-30	1-10	Turistični obisk Slovenije, Turistični obisk Slovenije in sosednjih držav	Ljubljana, Obalno-kraška regija, Goriška regija, Gorenjska regija	Kras (Štanjel, Škocjanske jame, Rakov Škocjan) in Soška dolina.	Ponosen/-na sem na Slovenijo, Prepričan/-a sem, da bo tujcem v Sloveniji všeč, Želim pomagati slovenskemu turizmu	Avstrija, Nemčija, Nizozemska	1-3	Redni član/-ica	
9/28/2022 10:27:15	6-15	1-10	Turistični obisk Slovenije, Turistični obisk Slovenije in sosednjih držav	Ljubljana, Obalno-kraška regija, Goriška regija, Gorenjska regija		Ponosen/-na sem na Slovenijo, Prepričan/-a sem, da bo tujcem v Sloveniji všeč, Želim pomagati slovenskemu turizmu	Nizozemska	5-10	Redni član/-ica	
9/28/2022 14:27:25	6-15	1-10	Turistični obisk Slovenije, Turistični obisk Slovenije in sosednjih držav	Ljubljana, Primorsko-notranjska regija, Obalno-kraška regija, Gorenjska regija	Škocjanske jame, Posočje, Goriška Brda/Kras, Bohinj/Kranjska Gora	Ponosen/-na sem na Slovenijo, Prepričan/-a sem, da bo tujcem v Sloveniji všeč, Želim pomagati slovenskemu turizmu	Velika Britanija, ZDA	3-5	Izredni član/-ica	
9/28/2022 21:01:13	6-15	1-10	Turistični obisk Slovenije	Ljubljana, Savinjska regija, Primorsko-notranjska regija, Obalno-kraška regija, Goriška regija	Goriška Brda, Logarska dolina, Pohorje	Ponosen/-na sem na Slovenijo, Prepričan/-a sem, da bo tujcem v Sloveniji všeč	Avstrija, Češka, Nemčija, Italija	1-3	Redni član/-ica	
9/29/2022 3:23:46	6-15	1-10	Turistični obisk Slovenije in sosednjih držav	Ljubljana, Posavska regija, Obalno-kraška regija, Gorenjska regija	Prekmurje, male vasi Gorenjske	Ponosen/-na sem na Slovenijo, Prepričan/-a sem, da bo tujcem v Sloveniji všeč	ZDA	1-3	Nisem član/-ica	
9/29/2022 15:33:51	16-30	51-100	Turistični obisk Slovenije in sosednjih držav	Osrednjeslovenska regija (brez Ljubljane), Savinjska regija, Primorsko-notranjska regija, Obalno-kraška regija, Goriška regija, Gorenjska regija	Sorica, Škofja loka, Solčava, Jezersko, Cerje Brda	Ponosen/-na sem na Slovenijo, Prepričan/-a sem, da bo tujcem v Sloveniji všeč, Želim pomagati slovenskemu turizmu	Belgija, Španija, Velika Britanija, Bolivija, Argentina	5-10	Nisem član/-ica	
9/30/2022 7:19:35	1-5	11-30	Turistični obisk Slovenije	Ljubljana, Savinjska regija, Obalno-kraška regija, Goriška regija, Gorenjska regija		Ponosen/-na sem na Slovenijo, Prepričan/-a sem, da bo tujcem v Sloveniji všeč	Belgija, Danska, Irska	1-3	Redni član/-ica	
9/30/2022 7:26:58	1-5	11-30	Turistični obisk Slovenije, Turistični obisk Slovenije in sosednjih držav, Poslovna pot	Ljubljana, Primorsko-notranjska regija, Goriška regija	Dolina Soče, ob Kolpi, Savinjska dolina	Prepričan/-a sem, da bo tujcem v Sloveniji všeč	Italija, Ghana	3-5	Nisem član/-ica	
10/2/2022 21:59:21	1-5	11-30	Turistični obisk Slovenije, Turistični obisk Slovenije in sosednjih držav, Obiski sportnih prireditev/tekem	Ljubljana, Obalno-kraška regija, Gorenjska regija	Kranjska Gora, Bohinj, Postonjska Jama, Triglavski narodni park	Prepričan/-a sem, da bo tujcem v Sloveniji všeč, Želim pomagati slovenskemu turizmu	Avstrija, ZDA	Več kot 10 let	Redni član/-ica	
10/3/2022 13:28:01	1-5	1-10	Turistični obisk Slovenije	Ljubljana, Primorsko-notranjska regija, Gorenjska regija	Manjka več informaciji na spletnih medij	Prepričan/-a sem, da bo tujcem v Sloveniji všeč, Samo, če me tujci vprašajo za priporočilo, jim predlagam, kam lahko grejo v Sloveniji	Argentina	Več kot 10 let	Nisem član/-ica	